part_number,name,uom,category,status,superseded_by,created_at,legacy_ref
PN-0001,Integrate Front-End Eyeballs,L,electrical,active,,2026-03-16 02:23:10.110438,
PN-0002,Disintermediate Mission-Critical Bandwidth,L,structural,active,,2023-04-27 11:02:02.031712,
PN-0003,Expedite Vertical Mindshare,GAL,fastener,discontinued,,2021-12-27 04:42:50.521097,
PN-0004,Disintermediate User-Centric Interfaces,GAL,drive,active,,2019-12-09 14:21:38.946019,
PN-0005,Iterate Sticky Initiatives,FT,fastener,active,,2021-07-15 00:26:52.556034,
PN-0006,Transform Granular Mindshare,IN,structural,active,,2025-03-16 03:48:03.077185,
PN-0007,Enable Integrated Metrics,MM,electrical,obsolete,,2026-05-10 00:20:49.982516,
PN-0008,Empower Viral Architectures,PKG,pneumatic,discontinued,PN-1854,2019-01-14 10:12:12.150227,
PN-0009,Benchmark Leading-Edge Roi,PKG,fastener,active,,2026-01-23 22:59:16.466786,
PN-0010,E-Enable Frictionless Technologies,IN,fastener,active,,2020-09-24 03:14:36.654192,
PN-0011,Optimize Sticky Applications,GAL,structural,active,,2023-10-05 16:33:38.860447,
P12,Visualize Leading-Edge Platforms,EA,drive,discontinued,PN-0683,2025-04-15 05:09:44.732508,
PN-0013,Target Open-Source Supply-Chains,M,sealing,active,,2022-10-05 04:03:42.145231,
PN-0014,Scale Visionary Communities,IN,sealing,active,,2019-07-16 22:34:20.462327,
PN-0015,Evolve Turn-Key Markets,EA,thermal,active,,2025-07-16 12:31:23.201996,
PN-0016,Empower Out-Of-The-Box Roi,PKG,electrical,discontinued,,2023-11-26 23:25:10.828924,
PN-0017,Optimize One-To-One Content,FT,bearing,active,,2022-06-27 22:20:53.499856,
PN-0018,Revolutionize Bricks-And-Clicks E-Commerce,MM,thermal,active,,2018-11-10 14:12:11.748783,
PN-0019,Deploy Strategic Convergence,PKG,optical,active,,2019-07-19 07:58:58.333670,
PN-0020,Evolve B2C Networks,IN,structural,active,,2024-12-27 03:37:26.895499,
PN-0021,Transform Cutting-Edge Systems,GAL,structural,discontinued,PN-4688,2023-03-24 08:53:52.376633,
PN-0022,Orchestrate Clicks-And-Mortar Platforms,IN,fastener,active,,2025-10-03 20:00:50.517094,
P23,Transition 24/7 Channels,IN,structural,active,,2024-05-28 04:56:49.541603,
PN-0024,Revolutionize Cross-Platform Initiatives,FT,thermal,active,,2024-04-07 14:56:42.735667,
PN-0025,Synthesize Back-End Bandwidth,M,sealing,obsolete,PN-0733,2025-04-11 23:17:26.923831,
2019-PN-26,Iterate Integrated Infrastructures,MM,hydraulic,active,,2024-03-24 06:17:35.139630,
PN-0027,Evolve Best-Of-Breed Methodologies,MM,drive,active,,2021-10-07 04:13:05.749079,
PN-0028,Innovate Wireless Portals,M,optical,active,,2023-04-14 03:31:33.320728,
PN-0029,Deploy World-Class Interfaces,GAL,electrical,active,,2021-04-21 16:30:53.894362,
PN-0030,Reinvent Virtual Solutions,EA,hydraulic,active,,2024-03-06 06:46:09.782483,
PN-0031,Streamline Bleeding-Edge Content,M,hydraulic,active,,2020-04-21 06:25:34.957717,
PN-0032,Aggregate Killer Architectures,MM,optical,active,,2025-02-09 18:07:31.543806,
P33,Synergize Magnetic Markets,EA,structural,active,,2022-03-12 23:00:08.740277,
PN-0034,Streamline Mission-Critical Web-Readiness,GAL,drive,active,,2018-09-20 04:01:52.764419,
PN-0035,Cultivate One-To-One Applications,PKG,structural,obsolete,2019-PN-3545,2021-04-17 11:24:05.812680,
PN-0036,Enhance End-To-End Systems,L,electrical,active,,2024-08-22 18:35:03.666081,
PN-0037,Orchestrate Interactive Synergies,FT,fastener,active,,2019-05-25 12:51:26.443199,
PN-0038,Enhance 24/7 Networks,MM,drive,active,,2023-07-05 12:38:47.841300,
PN-0039,Aggregate Enterprise E-Commerce,EA,structural,active,,2019-05-17 01:22:58.420885,
PN-0040,Reinvent Enterprise Initiatives,M,thermal,active,,2021-02-26 07:05:12.416687,
PN-0041,Morph Global Users,PKG,bearing,active,,2023-02-18 18:47:45.335301,
PN-0042,Scale Interactive Solutions,LB,hydraulic,active,,2020-06-02 19:42:06.120663,
2019-PN-43,Evolve Real-Time Info-Mediaries,FT,pneumatic,active,,2024-02-15 05:24:04.819651,
PN-0044,Empower Intuitive Info-Mediaries,M,electrical,active,,2024-02-26 21:20:05.442136,
2019-PN-45,Orchestrate Turn-Key E-Services,KG,electrical,active,,2018-08-10 23:37:32.873380,
PN-0046,Architect Collaborative Functionalities,L,pneumatic,discontinued,PN-4977,2019-09-25 00:51:22.792011,
PN-0047,Maximize Visionary Content,L,bearing,active,,2024-04-23 09:27:37.885589,
PN-0048,Grow Extensible Schemas,GAL,optical,obsolete,PN-3154,2022-06-04 06:40:57.059101,
P49,Engage Cutting-Edge E-Commerce,PKG,electrical,discontinued,,2022-09-03 10:58:37.815614,
PN-0050,Maximize Intuitive E-Tailers,LB,structural,active,,2023-06-10 14:45:56.521746,
